"Unemployed people, Australia, August 1966 to August 2024, Seasonally adjusted"
,"Persons ('000)","Males ('000)","Females ('000)"
"Aug-66","90.3","42.5","46.9"
"Sep-66","90.3","42.5","46.9"
"Oct-66","85.7","38.4","47.7"
"Nov-66","85.7","38.4","47.7"
"Dec-66","85.7","38.4","47.7"
"Jan-67","91.0","44.7","46.1"
"Feb-67","91.0","44.7","46.1"
"Mar-67","91.0","44.7","46.1"
"Apr-67","98.4","46.2","52.0"
"May-67","98.4","46.2","52.0"
"Jun-67","98.4","46.2","52.0"
"Jul-67","97.7","46.5","51.2"
"Aug-67","97.7","46.5","51.2"
"Sep-67","97.7","46.5","51.2"
"Oct-67","92.9","41.7","51.6"
"Nov-67","92.9","41.7","51.6"
"Dec-67","92.9","41.7","51.6"
"Jan-68","94.3","41.8","52.0"
"Feb-68","94.3","41.8","52.0"
"Mar-68","94.3","41.8","52.0"
"Apr-68","97.6","43.4","54.2"
"May-68","97.6","43.4","54.2"
"Jun-68","97.6","43.4","54.2"
"Jul-68","95.5","42.0","53.7"
"Aug-68","95.5","42.0","53.7"
"Sep-68","95.5","42.0","53.7"
"Oct-68","88.1","37.7","50.7"
"Nov-68","88.1","37.7","50.7"
"Dec-68","88.1","37.7","50.7"
"Jan-69","94.9","41.6","52.7"
"Feb-69","94.9","41.6","52.7"
"Mar-69","94.9","41.6","52.7"
"Apr-69","92.5","39.1","53.5"
"May-69","92.5","39.1","53.5"
"Jun-69","92.5","39.1","53.5"
"Jul-69","91.8","38.0","53.1"
"Aug-69","91.8","38.0","53.1"
"Sep-69","91.8","38.0","53.1"
"Oct-69","104.1","45.1","59.3"
"Nov-69","104.1","45.1","59.3"
"Dec-69","104.1","45.1","59.3"
"Jan-70","88.3","37.4","50.6"
"Feb-70","88.3","37.4","50.6"
"Mar-70","88.3","37.4","50.6"
"Apr-70","91.6","38.5","53.4"
"May-70","91.6","38.5","53.4"
"Jun-70","91.6","38.5","53.4"
"Jul-70","91.9","41.9","49.5"
"Aug-70","91.9","41.9","49.5"
"Sep-70","91.9","41.9","49.5"
"Oct-70","90.8","40.7","50.1"
"Nov-70","90.8","40.7","50.1"
"Dec-70","90.8","40.7","50.1"
"Jan-71","97.3","40.9","56.1"
"Feb-71","97.3","40.9","56.1"
"Mar-71","97.3","40.9","56.1"
"Apr-71","106.1","51.0","55.9"
"May-71","106.1","51.0","55.9"
"Jun-71","106.1","51.0","55.9"
"Jul-71","107.7","49.9","57.6"
"Aug-71","107.7","49.9","57.6"
"Sep-71","107.7","49.9","57.6"
"Oct-71","121.8","61.8","59.8"
"Nov-71","121.8","61.8","59.8"
"Dec-71","121.8","61.8","59.8"
"Jan-72","139.0","73.4","65.5"
"Feb-72","139.0","73.4","65.5"
"Mar-72","139.0","73.4","65.5"
"Apr-72","135.0","65.4","70.0"
"May-72","135.0","65.4","70.0"
"Jun-72","135.0","65.4","70.0"
"Jul-72","168.6","85.4","82.6"
"Aug-72","168.6","85.4","82.6"
"Sep-72","168.6","85.4","82.6"
"Oct-72","160.9","73.9","86.9"
"Nov-72","160.9","73.9","86.9"
"Dec-72","160.9","73.9","86.9"
"Jan-73","151.8","69.9","81.4"
"Feb-73","151.8","69.9","81.4"
"Mar-73","151.8","69.9","81.4"
"Apr-73","135.3","65.2","70.9"
"May-73","135.3","65.2","70.9"
"Jun-73","135.3","65.2","70.9"
"Jul-73","125.3","61.1","65.1"
"Aug-73","125.3","61.1","65.1"
"Sep-73","125.3","61.1","65.1"
"Oct-73","126.9","59.9","66.9"
"Nov-73","126.9","59.9","66.9"
"Dec-73","126.9","59.9","66.9"
"Jan-74","128.9","58.5","69.9"
"Feb-74","128.9","58.5","69.9"
"Mar-74","128.9","58.5","69.9"
"Apr-74","129.4","55.0","74.7"
"May-74","129.4","55.0","74.7"
"Jun-74","129.4","55.0","74.7"
"Jul-74","165.1","77.1","87.6"
"Aug-74","165.1","77.1","87.6"
"Sep-74","165.1","77.1","87.6"
"Oct-74","247.1","120.6","127.2"
"Nov-74","247.1","120.6","127.2"
"Dec-74","247.1","120.6","127.2"
"Jan-75","296.5","152.0","145.3"
"Feb-75","296.5","152.0","145.3"
"Mar-75","296.5","152.0","145.3"
"Apr-75","294.2","146.8","146.1"
"May-75","294.2","146.8","146.1"
"Jun-75","294.2","146.8","146.1"
"Jul-75","287.6","140.7","147.2"
"Aug-75","287.6","140.7","147.2"
"Sep-75","287.6","140.7","147.2"
"Oct-75","334.8","160.0","175.8"
"Nov-75","334.8","160.0","175.8"
"Dec-75","334.8","160.0","175.8"
"Jan-76","303.6","157.3","147.0"
"Feb-76","303.6","157.3","147.0"
"Mar-76","303.6","157.3","147.0"
"Apr-76","281.4","143.8","136.1"
"May-76","281.4","143.8","136.1"
"Jun-76","281.4","143.8","136.1"
"Jul-76","302.0","159.1","143.3"
"Aug-76","302.0","159.1","143.3"
"Sep-76","302.0","159.1","143.3"
"Oct-76","304.6","165.7","138.8"
"Nov-76","304.6","165.7","138.8"
"Dec-76","304.6","165.7","138.8"
"Jan-77","329.7","169.7","160.9"
"Feb-77","329.7","169.7","160.9"
"Mar-77","329.7","169.7","160.9"
"Apr-77","359.7","187.4","170.8"
"May-77","359.7","187.4","170.8"
"Jun-77","359.7","187.4","170.8"
"Jul-77","372.2","193.2","179.3"
"Aug-77","372.2","193.2","179.3"
"Sep-77","372.2","193.2","179.3"
"Oct-77","375.9","196.3","179.5"
"Nov-77","375.9","196.3","179.5"
"Dec-77","375.9","196.3","179.5"
"Jan-78","426.9","231.4","195.5"
"Feb-78","426.9","231.4","195.5"
"Mar-78","403.8","217.6","186.2"
"Apr-78","403.2","220.4","182.9"
"May-78","399.4","215.2","184.2"
"Jun-78","405.9","225.6","180.3"
"Jul-78","400.1","221.0","179.1"
"Aug-78","418.9","231.3","187.7"
"Sep-78","402.5","224.4","178.0"
"Oct-78","396.4","222.3","174.1"
"Nov-78","407.4","225.4","182.0"
"Dec-78","414.3","224.4","189.8"
"Jan-79","411.8","223.4","188.4"
"Feb-79","404.7","219.2","185.5"
"Mar-79","407.4","221.9","185.4"
"Apr-79","421.5","228.8","192.6"
"May-79","401.5","216.2","185.3"
"Jun-79","406.7","216.6","190.1"
"Jul-79","408.1","212.4","195.7"
"Aug-79","398.5","205.9","192.5"
"Sep-79","406.5","207.4","199.1"
"Oct-79","419.5","209.8","209.7"
"Nov-79","397.6","200.8","196.8"
"Dec-79","403.1","208.5","194.6"
"Jan-80","406.3","218.0","188.3"
"Feb-80","397.0","209.7","187.4"
"Mar-80","393.4","210.1","183.3"
"Apr-80","406.8","216.3","190.5"
"May-80","417.6","225.0","192.6"
"Jun-80","423.6","220.3","203.3"
"Jul-80","408.0","214.9","193.0"
"Aug-80","415.8","218.1","197.7"
"Sep-80","413.3","216.4","196.9"
"Oct-80","406.5","208.2","198.3"
"Nov-80","393.2","199.2","194.1"
"Dec-80","409.1","209.6","199.5"
"Jan-81","399.7","210.3","189.4"
"Feb-81","379.2","200.5","178.7"
"Mar-81","388.7","200.6","188.1"
"Apr-81","376.6","194.9","181.7"
"May-81","379.1","197.0","182.1"
"Jun-81","364.6","190.3","174.3"
"Jul-81","397.1","205.2","191.9"
"Aug-81","399.5","206.9","192.6"
"Sep-81","398.5","213.3","185.2"
"Oct-81","401.1","214.0","187.2"
"Nov-81","409.2","218.4","190.8"
"Dec-81","412.4","217.2","195.1"
"Jan-82","411.5","215.2","196.3"
"Feb-82","434.3","229.9","204.4"
"Mar-82","434.9","233.5","201.3"
"Apr-82","436.5","235.0","201.5"
"May-82","454.0","244.3","209.7"
"Jun-82","466.0","251.2","214.8"
"Jul-82","474.4","263.8","210.6"
"Aug-82","483.8","280.4","203.4"
"Sep-82","513.6","298.5","215.2"
"Oct-82","579.1","328.6","250.5"
"Nov-82","603.1","352.8","250.3"
"Dec-82","653.3","390.1","263.2"
"Jan-83","645.4","393.8","251.6"
"Feb-83","672.4","403.8","268.6"
"Mar-83","691.3","423.1","268.2"
"Apr-83","704.3","438.9","265.4"
"May-83","721.0","440.1","280.9"
"Jun-83","712.6","439.3","273.3"
"Jul-83","737.6","457.2","280.4"
"Aug-83","715.1","440.4","274.7"
"Sep-83","728.2","440.0","288.2"
"Oct-83","702.5","428.9","273.6"
"Nov-83","679.0","415.8","263.2"
"Dec-83","666.2","405.8","260.4"
"Jan-84","669.3","412.6","256.7"
"Feb-84","662.0","399.4","262.6"
"Mar-84","653.9","391.4","262.5"
"Apr-84","667.3","393.1","274.2"
"May-84","635.8","385.5","250.3"
"Jun-84","650.6","388.0","262.6"
"Jul-84","637.1","380.1","257.1"
"Aug-84","630.1","391.0","239.1"
"Sep-84","625.7","380.3","245.3"
"Oct-84","622.3","376.1","246.2"
"Nov-84","622.5","368.5","254.0"
"Dec-84","610.3","365.9","244.4"
"Jan-85","613.6","369.3","244.3"
"Feb-85","606.8","359.0","247.7"
"Mar-85","626.2","377.0","249.2"
"Apr-85","606.4","366.3","240.1"
"May-85","607.5","365.3","242.2"
"Jun-85","624.5","378.5","246.0"
"Jul-85","605.4","365.8","239.6"
"Aug-85","597.3","357.7","239.6"
"Sep-85","593.4","345.7","247.7"
"Oct-85","575.4","333.5","241.9"
"Nov-85","592.0","336.7","255.3"
"Dec-85","575.9","328.7","247.2"
"Jan-86","581.6","336.7","244.9"
"Feb-86","599.5","339.9","259.5"
"Mar-86","594.1","340.5","253.6"
"Apr-86","598.0","344.2","253.8"
"May-86","592.9","340.1","252.8"
"Jun-86","580.6","332.8","247.8"
"Jul-86","616.6","352.1","264.5"
"Aug-86","625.7","358.4","267.3"
"Sep-86","636.2","365.6","270.6"
"Oct-86","636.1","366.5","269.5"
"Nov-86","635.8","373.3","262.5"
"Dec-86","641.0","378.6","262.4"
"Jan-87","626.4","367.8","258.6"
"Feb-87","631.2","364.5","266.7"
"Mar-87","651.1","373.8","277.4"
"Apr-87","641.3","362.1","279.2"
"May-87","633.3","368.3","265.0"
"Jun-87","620.4","365.0","255.4"
"Jul-87","630.0","363.4","266.6"
"Aug-87","630.5","356.4","274.1"
"Sep-87","600.0","347.3","252.7"
"Oct-87","630.4","367.0","263.4"
"Nov-87","616.5","355.3","261.1"
"Dec-87","605.9","345.3","260.6"
"Jan-88","602.7","339.3","263.4"
"Feb-88","583.3","329.1","254.2"
"Mar-88","594.4","334.6","259.8"
"Apr-88","632.5","353.9","278.6"
"May-88","591.1","329.9","261.2"
"Jun-88","603.4","337.3","266.2"
"Jul-88","534.7","307.6","227.1"
"Aug-88","563.4","313.9","249.5"
"Sep-88","555.1","311.0","244.1"
"Oct-88","546.2","306.7","239.5"
"Nov-88","530.1","292.2","237.9"
"Dec-88","551.5","304.7","246.8"
"Jan-89","551.7","300.1","251.6"
"Feb-89","540.6","301.7","238.9"
"Mar-89","516.4","285.0","231.4"
"Apr-89","506.1","275.4","230.7"
"May-89","516.6","277.8","238.8"
"Jun-89","493.2","271.5","221.8"
"Jul-89","497.6","270.9","226.6"
"Aug-89","491.3","267.7","223.6"
"Sep-89","499.5","273.6","225.8"
"Oct-89","490.6","260.7","229.9"
"Nov-89","481.7","257.1","224.6"
"Dec-89","486.3","267.3","219.0"
"Jan-90","510.3","279.9","230.5"
"Feb-90","535.7","287.6","248.1"
"Mar-90","518.5","289.4","229.1"
"Apr-90","527.1","299.4","227.7"
"May-90","549.4","310.4","239.1"
"Jun-90","559.1","309.9","249.1"
"Jul-90","603.0","344.6","258.4"
"Aug-90","611.5","346.0","265.5"
"Sep-90","624.4","360.5","263.9"
"Oct-90","647.4","377.3","270.0"
"Nov-90","674.0","404.0","270.0"
"Dec-90","681.1","401.6","279.6"
"Jan-91","710.1","417.3","292.8"
"Feb-91","731.4","433.6","297.8"
"Mar-91","778.9","466.2","312.7"
"Apr-91","842.0","503.0","339.0"
"May-91","807.8","482.0","325.8"
"Jun-91","808.5","489.7","318.8"
"Jul-91","817.8","495.2","322.6"
"Aug-91","828.6","508.2","320.4"
"Sep-91","852.4","513.0","339.5"
"Oct-91","845.0","518.5","326.5"
"Nov-91","862.7","522.0","340.6"
"Dec-91","891.1","536.5","354.6"
"Jan-92","880.9","531.0","349.9"
"Feb-92","888.4","538.5","349.8"
"Mar-92","895.0","545.7","349.4"
"Apr-92","891.9","542.7","349.1"
"May-92","905.3","556.9","348.4"
"Jun-92","925.3","567.6","357.7"
"Jul-92","958.6","592.9","365.7"
"Aug-92","921.2","566.2","355.0"
"Sep-92","906.8","554.7","352.0"
"Oct-92","953.6","588.7","364.9"
"Nov-92","948.5","593.1","355.4"
"Dec-92","960.2","586.9","373.3"
"Jan-93","929.6","575.6","354.0"
"Feb-93","938.4","582.7","355.7"
"Mar-93","929.6","570.4","359.2"
"Apr-93","918.5","582.7","335.8"
"May-93","920.4","579.4","341.0"
"Jun-93","941.9","586.1","355.8"
"Jul-93","937.2","578.6","358.7"
"Aug-93","944.0","576.9","367.1"
"Sep-93","923.0","555.8","367.1"
"Oct-93","949.9","572.2","377.7"
"Nov-93","950.3","563.9","386.4"
"Dec-93","933.6","564.4","369.2"
"Jan-94","917.6","549.2","368.5"
"Feb-94","904.0","544.1","359.9"
"Mar-94","901.8","545.1","356.8"
"Apr-94","874.1","522.0","352.1"
"May-94","850.0","508.7","341.3"
"Jun-94","857.5","508.3","349.2"
"Jul-94","847.0","492.1","354.9"
"Aug-94","827.3","487.5","339.7"
"Sep-94","823.5","479.3","344.2"
"Oct-94","798.0","467.1","330.8"
"Nov-94","804.0","472.1","331.9"
"Dec-94","788.3","456.8","331.5"
"Jan-95","782.1","459.7","322.3"
"Feb-95","783.7","452.8","331.0"
"Mar-95","764.0","438.5","325.5"
"Apr-95","735.4","437.8","297.6"
"May-95","756.1","453.6","302.5"
"Jun-95","747.4","447.6","299.8"
"Jul-95","755.2","453.7","301.6"
"Aug-95","747.4","439.5","307.9"
"Sep-95","750.5","450.5","300.0"
"Oct-95","770.4","457.6","312.8"
"Nov-95","765.1","442.7","322.4"
"Dec-95","734.9","440.3","294.7"
"Jan-96","765.4","457.1","308.3"
"Feb-96","753.2","444.9","308.3"
"Mar-96","760.1","454.3","305.8"
"Apr-96","778.4","458.3","320.1"
"May-96","762.6","440.6","322.1"
"Jun-96","747.2","436.8","310.4"
"Jul-96","778.4","442.5","336.0"
"Aug-96","793.3","465.7","327.6"
"Sep-96","778.1","449.5","328.6"
"Oct-96","797.0","462.5","334.5"
"Nov-96","768.1","447.7","320.4"
"Dec-96","786.3","451.7","334.6"
"Jan-97","780.9","449.1","331.8"
"Feb-97","794.5","462.0","332.5"
"Mar-97","783.7","464.0","319.8"
"Apr-97","780.7","455.9","324.8"
"May-97","779.0","451.7","327.3"
"Jun-97","757.6","439.1","318.5"
"Jul-97","784.3","464.1","320.2"
"Aug-97","770.6","445.3","325.3"
"Sep-97","736.7","436.6","300.1"
"Oct-97","732.7","428.3","304.4"
"Nov-97","733.2","430.7","302.5"
"Dec-97","724.3","424.5","299.9"
"Jan-98","720.4","414.7","305.8"
"Feb-98","712.4","418.5","293.9"
"Mar-98","723.7","426.7","296.9"
"Apr-98","698.5","401.7","296.9"
"May-98","714.4","421.7","292.7"
"Jun-98","722.8","430.2","292.7"
"Jul-98","738.2","439.9","298.2"
"Aug-98","717.2","430.8","286.4"
"Sep-98","708.6","413.5","295.2"
"Oct-98","677.4","396.4","281.0"
"Nov-98","707.0","410.5","296.6"
"Dec-98","664.5","391.6","272.9"
"Jan-99","658.1","381.7","276.4"
"Feb-99","658.3","383.9","274.4"
"Mar-99","650.1","371.5","278.6"
"Apr-99","646.9","374.8","272.1"
"May-99","650.6","378.3","272.2"
"Jun-99","617.3","356.9","260.4"
"Jul-99","620.8","360.6","260.2"
"Aug-99","644.4","376.8","267.7"
"Sep-99","659.1","379.0","280.1"
"Oct-99","635.4","368.8","266.6"
"Nov-99","602.4","345.0","257.3"
"Dec-99","629.3","369.7","259.6"
"Jan-00","634.3","361.6","272.7"
"Feb-00","622.9","347.8","275.2"
"Mar-00","620.9","347.8","273.1"
"Apr-00","604.3","338.9","265.5"
"May-00","607.9","341.9","266.0"
"Jun-00","580.3","335.6","244.7"
"Jul-00","569.3","335.1","234.1"
"Aug-00","579.0","343.8","235.1"
"Sep-00","569.8","335.9","233.9"
"Oct-00","572.9","339.5","233.4"
"Nov-00","594.7","347.8","246.9"
"Dec-00","595.6","353.0","242.7"
"Jan-01","585.7","345.1","240.6"
"Feb-01","622.6","362.3","260.3"
"Mar-01","618.9","360.0","258.9"
"Apr-01","655.9","376.2","279.7"
"May-01","666.8","377.0","289.8"
"Jun-01","670.7","384.5","286.2"
"Jul-01","666.7","389.2","277.5"
"Aug-01","668.5","383.3","285.2"
"Sep-01","662.9","384.3","278.5"
"Oct-01","701.1","401.9","299.2"
"Nov-01","671.0","389.6","281.4"
"Dec-01","667.8","378.0","289.7"
"Jan-02","674.8","384.5","290.2"
"Feb-02","638.2","372.9","265.4"
"Mar-02","627.5","372.3","255.2"
"Apr-02","617.8","365.9","251.9"
"May-02","621.7","362.4","259.3"
"Jun-02","636.4","356.7","279.7"
"Jul-02","603.8","341.7","262.0"
"Aug-02","625.3","355.2","270.1"
"Sep-02","621.5","346.7","274.8"
"Oct-02","602.8","336.3","266.5"
"Nov-02","609.6","338.0","271.7"
"Dec-02","614.6","345.8","268.8"
"Jan-03","607.3","343.7","263.7"
"Feb-03","595.5","334.1","261.5"
"Mar-03","611.3","333.5","277.9"
"Apr-03","600.4","341.0","259.4"
"May-03","605.7","333.7","272.0"
"Jun-03","602.7","339.2","263.5"
"Jul-03","609.9","336.7","273.2"
"Aug-03","580.6","315.7","264.9"
"Sep-03","576.6","309.1","267.5"
"Oct-03","578.9","317.1","261.8"
"Nov-03","565.8","298.2","267.6"
"Dec-03","569.8","301.3","268.4"
"Jan-04","553.9","295.1","258.7"
"Feb-04","566.0","302.7","263.3"
"Mar-04","546.2","295.2","251.0"
"Apr-04","554.1","304.8","249.3"
"May-04","536.9","290.8","246.1"
"Jun-04","550.7","301.4","249.3"
"Jul-04","560.5","300.5","259.9"
"Aug-04","556.7","302.6","254.1"
"Sep-04","544.3","301.2","243.1"
"Oct-04","520.8","284.5","236.2"
"Nov-04","526.9","289.9","237.1"
"Dec-04","517.5","281.1","236.3"
"Jan-05","520.8","278.0","242.8"
"Feb-05","523.5","276.2","247.4"
"Mar-05","534.3","277.1","257.3"
"Apr-05","532.0","282.0","250.0"
"May-05","528.7","279.4","249.3"
"Jun-05","514.8","271.7","243.0"
"Jul-05","517.9","270.9","247.1"
"Aug-05","512.5","280.7","231.8"
"Sep-05","522.7","282.1","240.7"
"Oct-05","524.5","283.9","240.6"
"Nov-05","516.4","284.4","232.1"
"Dec-05","531.7","291.1","240.7"
"Jan-06","542.0","294.1","247.8"
"Feb-06","537.4","293.8","243.6"
"Mar-06","513.3","279.2","234.1"
"Apr-06","524.6","277.9","246.7"
"May-06","507.5","272.5","235.0"
"Jun-06","510.6","271.8","238.8"
"Jul-06","496.2","270.7","225.5"
"Aug-06","503.4","270.4","233.0"
"Sep-06","500.3","272.5","227.8"
"Oct-06","476.3","253.4","222.8"
"Nov-06","483.7","257.7","225.9"
"Dec-06","492.1","250.8","241.4"
"Jan-07","490.4","253.9","236.5"
"Feb-07","500.9","253.2","247.7"
"Mar-07","482.5","242.9","239.6"
"Apr-07","475.5","238.9","236.5"
"May-07","463.3","231.6","231.7"
"Jun-07","471.1","235.6","235.5"
"Jul-07","464.0","230.7","233.3"
"Aug-07","471.0","237.8","233.2"
"Sep-07","462.4","228.8","233.6"
"Oct-07","474.9","239.2","235.7"
"Nov-07","489.1","252.1","237.1"
"Dec-07","476.4","254.7","221.7"
"Jan-08","467.7","229.7","238.0"
"Feb-08","441.2","219.0","222.2"
"Mar-08","451.2","237.8","213.4"
"Apr-08","477.1","247.9","229.2"
"May-08","475.9","244.8","231.1"
"Jun-08","475.6","242.7","233.0"
"Jul-08","477.2","233.5","243.7"
"Aug-08","451.5","227.9","223.6"
"Sep-08","483.0","248.0","234.9"
"Oct-08","483.5","245.0","238.5"
"Nov-08","503.6","255.2","248.4"
"Dec-08","516.6","284.3","232.4"
"Jan-09","556.9","311.0","245.9"
"Feb-09","604.9","325.9","279.0"
"Mar-09","652.4","357.7","294.6"
"Apr-09","629.8","354.0","275.7"
"May-09","664.7","384.8","279.9"
"Jun-09","669.7","382.9","286.8"
"Jul-09","649.4","374.1","275.3"
"Aug-09","653.9","364.3","289.6"
"Sep-09","648.7","357.7","291.0"
"Oct-09","644.7","357.3","287.4"
"Nov-09","638.6","356.0","282.6"
"Dec-09","632.5","349.9","282.7"
"Jan-10","607.9","328.7","279.2"
"Feb-10","610.8","335.5","275.3"
"Mar-10","626.4","348.8","277.6"
"Apr-10","636.3","344.8","291.5"
"May-10","603.6","329.6","274.1"
"Jun-10","596.2","320.2","276.0"
"Jul-10","615.1","324.7","290.4"
"Aug-10","586.1","299.9","286.2"
"Sep-10","590.2","310.3","279.9"
"Oct-10","619.5","321.6","298.0"
"Nov-10","601.0","302.5","298.5"
"Dec-10","572.6","294.0","278.6"
"Jan-11","589.9","302.7","287.2"
"Feb-11","584.6","308.0","276.6"
"Mar-11","581.1","293.5","287.6"
"Apr-11","583.4","312.3","271.2"
"May-11","589.7","303.4","286.3"
"Jun-11","579.5","300.1","279.4"
"Jul-11","601.4","315.1","286.3"
"Aug-11","624.1","336.9","287.2"
"Sep-11","619.5","330.2","289.3"
"Oct-11","615.4","334.9","280.5"
"Nov-11","621.1","329.0","292.1"
"Dec-11","615.6","314.2","301.4"
"Jan-12","601.1","316.6","284.5"
"Feb-12","617.1","327.6","289.5"
"Mar-12","619.5","327.3","292.2"
"Apr-12","595.1","316.6","278.5"
"May-12","623.5","322.0","301.5"
"Jun-12","617.2","316.9","300.4"
"Jul-12","620.1","332.1","288.0"
"Aug-12","617.7","341.8","275.9"
"Sep-12","661.3","370.6","290.8"
"Oct-12","651.5","346.9","304.6"
"Nov-12","631.6","344.3","287.3"
"Dec-12","654.5","353.0","301.5"
"Jan-13","653.4","356.8","296.5"
"Feb-13","653.8","354.3","299.5"
"Mar-13","683.5","375.1","308.3"
"Apr-13","678.7","365.9","312.8"
"May-13","681.1","369.1","312.0"
"Jun-13","692.7","378.5","314.3"
"Jul-13","684.2","373.4","310.8"
"Aug-13","711.2","389.4","321.8"
"Sep-13","694.3","376.6","317.6"
"Oct-13","709.2","391.7","317.5"
"Nov-13","704.4","389.1","315.4"
"Dec-13","715.8","397.1","318.7"
"Jan-14","724.2","387.8","336.3"
"Feb-14","716.7","380.2","336.5"
"Mar-14","719.7","373.5","346.2"
"Apr-14","710.8","383.8","327.0"
"May-14","725.9","382.8","343.0"
"Jun-14","742.3","401.1","341.2"
"Jul-14","760.3","409.2","351.1"
"Aug-14","750.8","403.1","347.8"
"Sep-14","768.0","402.6","365.4"
"Oct-14","783.6","415.0","368.6"
"Nov-14","775.6","422.6","353.0"
"Dec-14","753.7","399.5","354.3"
"Jan-15","787.4","429.8","357.6"
"Feb-15","765.3","414.1","351.2"
"Mar-15","760.0","409.3","350.7"
"Apr-15","761.0","412.1","348.8"
"May-15","739.9","399.1","340.8"
"Jun-15","749.7","403.0","346.7"
"Jul-15","788.3","405.6","382.7"
"Aug-15","762.9","413.5","349.4"
"Sep-15","775.3","417.3","358.0"
"Oct-15","745.5","401.2","344.3"
"Nov-15","738.9","387.8","351.1"
"Dec-15","724.5","379.9","344.6"
"Jan-16","765.9","414.2","351.8"
"Feb-16","719.9","379.2","340.8"
"Mar-16","715.5","382.4","333.1"
"Apr-16","714.7","376.9","337.7"
"May-16","724.9","383.9","341.0"
"Jun-16","722.7","366.4","356.3"
"Jul-16","725.3","374.6","350.7"
"Aug-16","711.6","379.2","332.4"
"Sep-16","717.1","379.4","337.7"
"Oct-16","709.5","376.8","332.8"
"Nov-16","733.5","385.0","348.4"
"Dec-16","743.7","397.0","346.6"
"Jan-17","725.4","376.6","348.9"
"Feb-17","752.1","396.7","355.4"
"Mar-17","749.7","386.5","363.2"
"Apr-17","720.6","364.8","355.8"
"May-17","714.8","373.4","341.4"
"Jun-17","727.1","379.3","347.8"
"Jul-17","727.7","383.2","344.5"
"Aug-17","719.4","379.6","339.8"
"Sep-17","712.1","373.5","338.6"
"Oct-17","704.8","365.5","339.4"
"Nov-17","713.2","374.9","338.3"
"Dec-17","735.9","395.5","340.4"
"Jan-18","727.0","379.1","347.9"
"Feb-18","734.0","385.2","348.8"
"Mar-18","728.4","383.0","345.4"
"Apr-18","730.7","388.7","342.0"
"May-18","716.3","377.6","338.7"
"Jun-18","707.2","385.7","321.4"
"Jul-18","701.8","374.5","327.3"
"Aug-18","697.2","365.9","331.3"
"Sep-18","665.6","340.4","325.2"
"Oct-18","665.9","351.3","314.6"
"Nov-18","680.5","363.7","316.8"
"Dec-18","667.2","351.4","315.8"
"Jan-19","675.7","346.5","329.1"
"Feb-19","668.0","353.8","314.2"
"Mar-19","683.6","362.0","321.6"
"Apr-19","703.1","371.2","331.9"
"May-19","702.0","372.3","329.7"
"Jun-19","711.7","370.8","340.9"
"Jul-19","717.3","375.2","342.1"
"Aug-19","716.3","383.1","333.2"
"Sep-19","710.9","386.0","324.9"
"Oct-19","721.8","389.6","332.1"
"Nov-19","701.1","373.9","327.2"
"Dec-19","683.2","374.4","308.9"
"Jan-20","715.6","377.9","337.7"
"Feb-20","696.0","376.8","319.2"
"Mar-20","708.4","375.7","332.6"
"Apr-20","829.2","457.9","371.3"
"May-20","906.4","483.9","422.5"
"Jun-20","986.9","519.1","467.8"
"Jul-20","1,001.9","522.5","479.5"
"Aug-20","917.0","493.3","423.7"
"Sep-20","930.4","505.6","424.8"
"Oct-20","949.4","498.1","451.2"
"Nov-20","928.5","469.3","459.2"
"Dec-20","893.7","476.6","417.1"
"Jan-21","858.7","456.7","402.0"
"Feb-21","799.6","440.6","359.0"
"Mar-21","777.9","426.9","351.0"
"Apr-21","747.7","406.7","341.0"
"May-21","702.3","387.9","314.4"
"Jun-21","693.7","378.9","314.7"
"Jul-21","652.0","338.3","313.6"
"Aug-21","622.3","336.5","285.8"
"Sep-21","633.0","320.8","312.3"
"Oct-21","710.5","366.1","344.4"
"Nov-21","635.7","331.9","303.9"
"Dec-21","576.8","307.4","269.4"
"Jan-22","576.8","309.6","267.2"
"Feb-22","560.8","306.0","254.8"
"Mar-22","554.0","308.2","245.8"
"Apr-22","538.4","288.7","249.7"
"May-22","553.0","296.8","256.2"
"Jun-22","511.2","271.7","239.4"
"Jul-22","488.0","255.9","232.1"
"Aug-22","501.1","263.6","237.5"
"Sep-22","510.4","267.0","243.4"
"Oct-22","491.0","244.4","246.6"
"Nov-22","499.1","259.9","239.3"
"Dec-22","498.4","261.4","236.9"
"Jan-23","523.1","282.1","241.0"
"Feb-23","516.9","281.0","236.0"
"Mar-23","517.1","280.1","237.0"
"Apr-23","535.3","302.7","232.6"
"May-23","521.6","276.5","245.1"
"Jun-23","516.0","277.2","238.8"
"Jul-23","544.2","287.4","256.9"
"Aug-23","540.3","292.1","248.2"
"Sep-23","521.5","263.4","258.0"
"Oct-23","559.4","302.3","257.1"
"Nov-23","577.5","312.4","265.1"
"Dec-23","581.7","307.6","274.1"
"Jan-24","602.5","322.4","280.1"
"Feb-24","552.4","294.0","258.4"
"Mar-24","574.9","305.7","269.2"
"Apr-24","608.2","331.3","276.9"
"May-24","599.2","325.4","273.7"
"Jun-24","611.0","320.8","290.2"
"Jul-24","637.4","353.1","284.3"
"Aug-24","627.0","338.5","288.4"

"February 1978 to August 2024 estimated monthly, before February 1978 estimated quarterly"
"Source: 6204.0.55.001 Labour Force Historical Timeseries, Australia, 1966-1984, Seasonally adjusted estimates of the labour force by sex and marital status - 1966-1977 and 6202.0 Labour Force, Australia, Table 1"

"Source: Australian Bureau of Statistics, Labour Force, Australia August 2024"